,Usaha dibidang apa yang anda jalani?,Hewan ternak apa yang anda ternakkan saat ini?,"Berdasarkan pengalaman anda, berapakah modal yang anda keluarkan saat memulai usaha sebagai peternak?",Dimanakah lokasi geografis peternakan anda?,Berapakah jumlah pegawai saat ini?,Menurut anda seperti apa tingkat persaingan dalam usaha tersebut?,Kepada siapa target pasar anda?,"Menurut anda, haruskah seorang peternak mengerti perilaku hewan?",Berapa luas lahan yang anda miliki untuk peternakan anda?,Berapa kira-kira keuntungan anda saat panen?,Menurut Anda apa 3 hal terpenting yang harus dikuasai untuk menjadi Peternak?,Usaha kuliner apa yang sedang anda jalankan?,"Berdasarkan pengalaman anda, berapakah modal yang anda keluarkan saat memulai usaha sebagai pengusaha kuliner?",Dimana lokasi anda berjualan?,Bagaimana anda menjalankan usaha kuliner?,Menurut anda seperti apa tingkat persaingan dalam usaha tersebut?.1,Berapakah jumlah pegawai saat ini?.1,Kepada siapa anda menjual makanan/minuman anda? ,Menurut Anda kemampuan dasar memasak apa yang diperlukan untuk memulai usaha seperti anda?,Berapa kira-kira omset anda dalam 1 bulan?,Menurut Anda apa 3 hal terpenting yang harus dikuasai untuk menjadi pengusaha kuliner? ,Barang apa yang anda jual sebagai seorang dropshipper?,"Berdasarkan pengalaman anda, berapakah modal yang anda keluarkan saat memulai usaha sebagai Dropshipper?",Dimana anda menyimpan barang dropshipping?,Berapa pengeluaran internet anda selama satu bulan untuk keperluan usaha tersebut?,Menurut anda seperti apa tingkat persaingan dalam usaha tersebut?.2,Berapakah jumlah pegawai saat ini?.2,Kepada siapa target pasar anda? ,Sosial media apa yang anda gunakan untuk menjalankan usaha anda?,Berapa kira-kira omset anda dalam 1 bulan?.1,Menurut Anda apa 3 hal terpenting yang harus dikuasai untuk menjadi Dropshipper?,Barang seperti apa yang anda jual ditoko?,"Berdasarkan pengalaman anda, berapakah modal yang anda keluarkan saat memulai usaha toserba?",Dimana lokasi anda berjualan?.1,Apakah anda memiliki toko sendiri,Menurut anda seperti apa tingkat persaingan dalam usaha tersebut?.3,Berapakah jumlah pegawai saat ini?.3,Kepada siapa target pasar anda? .1,Jenis Toko?,Berapa kira-kira omset anda dalam 1 bulan?.2,Menurut Anda apa 3 hal terpenting yang harus dikuasai untuk menjalani usaha Toserba? ,Usaha apa yang anda jalankan saat ini?,"Berdasarkan pengalaman anda, berapakah modal yang diperlukan untuk menjalankan usaha tersebut?",Usaha seperti apa yang sedang anda jalani saat ini?,Dimana lokasi usaha Anda berjalan?,Menurut anda seperti apa tingkat persaingan dalam usaha tersebut?.4,Berapakah jumlah pegawai saat ini?.4,Kepada siapa target pasar anda? .2,Berapa kira-kira omset anda dalam 1 bulan?.3,Menurut Anda apa 3 hal terpenting yang harus dikuasai untuk menjalani usaha tersebut? ,Apakah anda memiliki pendapat atau masukkan yang bisa ditambahkan terkait usaha yang anda jalani? (Opsional)
0,Transportasi,,,,,,,,,,,,,,,,,,,,,,,,,,,,,,,,,,,,,,,,,jasa sewa kendaraan,> 25jt,Diluar ruangan,Perkotaan,Sedang,2-4 orang,Masyarakat golongan menengah;Masyarakat golongan atas,> 50 Juta,"Kedisiplinan, kejujuran, dan kesabaran",
1,Perternakan,Ikan Lele,10 - 25jt,"Dataran rendah (rawa, sawah)",1 orang (Anda sendiri),Sedang,Perusahaan (menyetor ke perusahaan pangan),Sangat perlu,<1 Hektar,10-50 Juta,"1. Tahu kapan waktu penggantian air
2. Ikan Lele bisa makan bangkai
3. Hati-hati dengan hewan pemangsa seperti kucing atau musang",,,,,,,,,,,,,,,,,,,,,,,,,,,,,,,,,,,,,,,,Semangat
2,Toserba/Toko Kelontong,,,,,,,,,,,,,,,,,,,,,,,,,,,,,,,Sembako,1jt - 10 jt,Pedesaan/Perkampungan,Iya,Sedang,1 orang (Anda sendiri),Masyarakat golongan bawah;Masyarakat golongan menengah,Ruko,< 10 Juta,"-accounting
-Resource management
-Ability to not be asleep ",,,,,,,,,,Gada
3,Kuliner,,,,,,,,,,,Minuman Kekinian,1jt - 10 jt,Pedesaan/Perkampungan,Tempat Permanen,Sedang,1 orang (Anda sendiri),Masyarakat golongan menengah,Sangat perlu,< 10 Juta,"Kreatif, kemampuan dasar kuliner dan pemasaran",,,,,,,,,,,,,,,,,,,,,,,,,,,,,,
4,Dropshipper,,,,,,,,,,,,,,,,,,,,,Baju,1jt - 10 jt,Rumah,100-200 ribu,Rendah,1 orang (Anda sendiri),Masyarakat golongan bawah,Whatsapp,< 10 Juta,"-Mengetahui kebutuhan customer
-Mengetahui spending power customer
-Money management dalam usaha",,,,,,,,,,,,,,,,,,,,"Sebagai dropshipper, sebenarnya tidak diperlukan gudang yang luas. Rumah kita sendiri saja bisa dipakai sebagai gudang.

Untuk modal usaha dropshipping, tidak perlu modal yang besar, karena selama ini saya sebagai dropshipper untuk teman-teman saya dan beberapa orang lainnya, cukup bermodalkan sebanyak 500 ribu dan smaartphone sudah cukup, karena konsepnya hampir sama dengan reselling, dimana kita menjual lagi barang tersebut dari supplier."
5,Dropshipper,,,,,,,,,,,,,,,,,,,,,Barang elektronik,1jt - 10 jt,Rumah,>300 ribu,Tinggi,1 orang (Anda sendiri),Masyarakat golongan bawah;Masyarakat golongan menengah,Instagram,< 10 Juta,"Koneksi, Promosi dan Digital Marketing",,,,,,,,,,,,,,,,,,,,
6,Dropshipper,,,,,,,,,,,,,,,,,,,,,kerupuk basah,< 1jt,Rumah,100-200 ribu,Sedang,1 orang (Anda sendiri),Masyarakat golongan bawah;Masyarakat golongan menengah;Masyarakat golongan atas,Instagram,< 10 Juta,"terlepas dari seorang dropshipper, seorang penjual harus ramah, fast respon, dan semangat promosi.",,,,,,,,,,,,,,,,,,,,tidak ada
7,Kuliner,,,,,,,,,,,mie bangka,10 - 25jt,Perkotaan,Tempat Permanen,Sedang,2-4 orang,Masyarakat golongan menengah,Perlu,< 10 Juta,"jujur , tanggung jawab,berani",,,,,,,,,,,,,,,,,,,,,,,,,,,,,,gada
8,Digital Goods,,,,,,,,,,,,,,,,,,,,,,,,,,,,,,,,,,,,,,,,,"Jualan Steam Wallet, Steam Gifts, dan item Game.",< 1jt,Didalam ruangan,Pedesaan/Perkampungan,Rendah,1 orang (Anda sendiri),Masyarakat golongan menengah,< 10 Juta,"Ketelitian, kesabaran, dan kejujuran",Tidak ada.
9,Dropshipper,,,,,,,,,,,,,,,,,,,,,Kosmetik,< 1jt,Rumah,>300 ribu,Tinggi,1 orang (Anda sendiri),Masyarakat golongan menengah,Instagram,10-25 Juta,Disiplin. Teliti. Konsistensi.,,,,,,,,,,,,,,,,,,,,"Dropship Kosmetik membutuhkan customer trust berupa safety, apakah barangnya original atau tidak. "
10,Toserba/Toko Kelontong,,,,,,,,,,,,,,,,,,,,,,,,,,,,,,,"Sembako, Skincare,  make up, pakaian",< 1jt,Pedesaan/Perkampungan,Iya,Sedang,1 orang (Anda sendiri),Masyarakat golongan bawah;Masyarakat golongan menengah,Ruko,< 10 Juta,Pemasaran produk + cara menghabiskan produk dgn cepat,,,,,,,,,,
11,Dropshipper,,,,,,,,,,,,,,,,,,,,,Susu kambing,< 1jt,Rumah,<100 ribu,Tinggi,Diatas 10 orang,Masyarakat golongan menengah,Instagram,< 10 Juta,"Kesabaran,ketekunan,pandai berinteraksi",,,,,,,,,,,,,,,,,,,,
12,Kuliner,,,,,,,,,,,Kripik kentan,< 1jt,Perkotaan,Pesan Antar,Sedang,1 orang (Anda sendiri),Masyarakat golongan menengah,Kurang perlu,< 10 Juta,"Kualitas
harga
rasa",,,,,,,,,,,,,,,,,,,,,,,,,,,,,,
13,Kuliner,,,,,,,,,,,makanan,1jt - 10 jt,Perkotaan,Tempat Permanen,Sedang,2-4 orang,Masyarakat golongan menengah,Sangat perlu,< 10 Juta,"makanan enak.
tempat nyaman.",,,,,,,,,,,,,,,,,,,,,,,,,,,,,,
14,Perternakan,Sapi,10 - 25jt,"Dataran rendah (rawa, sawah)",2-4 orang,Sedang,Perusahaan (menyetor ke perusahaan pangan),Sangat perlu,<1 Hektar,10-50 Juta,Makanan,,,,,,,,,,,,,,,,,,,,,,,,,,,,,,,,,,,,,,,,
15,Kuliner,,,,,,,,,,,Homi Coffee and Space (milik keluarga besar),1jt - 10 jt,Perkotaan,lewat sistem pre-order untuk sekarang ini. ,Tinggi,2-4 orang,Masyarakat golongan menengah,Sangat perlu,< 10 Juta,"1. Tanggung Jawab
2. Memiliki Pesaingan yang kuat 
3. Memiliki Pemikiran yang kuat
4. Aktif Berpikir secara logis
5. Harus bisa membuat produk lain
6. Jangan pernah berputus asa. ",,,,,,,,,,,,,,,,,,,,,,,,,,,,,,"Jangan pernah menyalahkan oranglain. tetap berusaha jika itu masih gagal. jika kalian masih gagal, maka berusaha lagi semaksimal mungkin untuk kalian coba kan. tetapi jika kalian masih gagal, tetapi tidak mau berusaha semaksimal mungkin maka, usaha kalia tidak akan berkembang pesat dengan pesaing-pesaingan yang lainnya. teruslah berusaha, semoga usaha kalian bisa kalian saingkan dengan pejuang usaha-usaha lainnya. terimakasih.. "
16,Kuliner,,,,,,,,,,,Nasi uduk,< 1jt,Pedesaan/Perkampungan,Tempat Permanen,Sedang,1 orang (Anda sendiri),Masyarakat golongan bawah,Perlu,< 10 Juta,"Tempat, konsumen, rajin",,,,,,,,,,,,,,,,,,,,,,,,,,,,,,
17,Kuliner,,,,,,,,,,,Nasi padang,1jt - 10 jt,Perkotaan,Tempat Permanen,Tinggi,1 orang (Anda sendiri),Masyarakat golongan menengah,Perlu,< 10 Juta,"Agresif,prcya diri,dan pnya daya kewirausahaan",,,,,,,,,,,,,,,,,,,,,,,,,,,,,,"Prcyaa diri itu pnting dan bnyak belajar,serta mau mendengarkan saran/kritikan dari orng lain."
18,Toko Komputer,,,,,,,,,,,,,,,,,,,,,,,,,,,,,,,,,,,,,,,,,Toko Komputer,> 25jt,Didalam ruangan,Pedesaan/Perkampungan,Sedang,2-4 orang,Masyarakat golongan menengah,25-50 Juta,"konsisten, berani mengambil semua resiko, berani bersaing","lebih mengatur pengeluaran untuk menjaga kuantitas stok barang, pahami apa yg mungkin dibutuhkan konsumen terutama yang berada di sekitar."
19,Tidak tau,,,,,,,,,,,,,,,,,,,,,,,,,,,,,,,,,,,,,,,,,Belajar,< 1jt,Didalam ruangan,Pedesaan/Perkampungan,Rendah,2-4 orang,Masyarakat golongan atas,< 10 Juta,Tidak tau,Tidak tau
20,Toserba/Toko Kelontong,,,,,,,,,,,,,,,,,,,,,,,,,,,,,,,Voucher dan eskrim aice,1jt - 10 jt,Pedesaan/Perkampungan,Iya,Rendah,2-4 orang,Masyarakat golongan bawah;Masyarakat golongan menengah,Warung,< 10 Juta,"Jujur, ramah dan cepat",,,,,,,,,,
21,Kuliner,,,,,,,,,,,Makanan ringan dan berat,< 1jt,Pedesaan/Perkampungan,Tempat Permanen,Sedang,2-4 orang,Masyarakat golongan menengah,Perlu,10-25 Juta,"Manajemen, komunikasi, problem solving",,,,,,,,,,,,,,,,,,,,,,,,,,,,,,Saya berharap usaha saya dapat trus berlanjut selaras dg para karyawan saya
22,Pakaian,,,,,,,,,,,,,,,,,,,,,,,,,,,,,,,,,,,,,,,,,Pakaian,> 25jt,Didalam ruangan,Perkotaan,Tinggi,5-9 orang,Masyarakat golongan bawah;Masyarakat golongan menengah,25-50 Juta,"Manajemen, pembukuan, ketelitian",
23,Cake and cookies ,,,,,,,,,,,,,,,,,,,,,,,,,,,,,,,,,,,,,,,,,Cake and cookies ,1jt - 10 jt,Didalam ruangan,Perkotaan,Tinggi,1 orang (Anda sendiri),Masyarakat golongan menengah,< 10 Juta,"1.kesabaran
2.ketelitian
3.keikhlasan","Semoga usaha saya dapat berkembang dan lebih sukses lagi..krna saya sendri pun masih tahap awal dalam belajar usaha yg skrng saya jalani.
Terima kasih
Salam sehat selalu buat semua nya"
24,Koleksi,,,,,,,,,,,,,,,,,,,,,,,,,,,,,,,,,,,,,,,,,Small Business Online,< 1jt,Didalam ruangan,Perkotaan,Sedang,1 orang (Anda sendiri),Masyarakat golongan bawah;Masyarakat golongan menengah;Masyarakat golongan atas,< 10 Juta,"Kesabaran, Modal, dan Perhitungan",
25,Toserba/Toko Kelontong,,,,,,,,,,,,,,,,,,,,,,,,,,,,,,,Sembako,1jt - 10 jt,Perkotaan,Iya,Tinggi,2-4 orang,Masyarakat golongan bawah;Masyarakat golongan menengah;Masyarakat golongan atas,Warung,10-25 Juta,"Berdoa
Berusaha
Bertawakal",,,,,,,,,,
26,Toserba/Toko Kelontong,,,,,,,,,,,,,,,,,,,,,,,,,,,,,,,Sembako,1jt - 10 jt,Pedesaan/Perkampungan,Iya,Sedang,1 orang (Anda sendiri),Masyarakat golongan bawah,Warung,< 10 Juta,"Komunikatif , jelas , dan mengetahui ttg distibutor",,,,,,,,,,
27,Perternakan,Ayam,> 25jt,"Dataran tinggi (pegunungan, bukit, lereng gunung)",2-4 orang,Sedang,Pasar tradisional,Sangat perlu,1-2 Hektar,< 10 Juta,"Tahu kondisi cuaca, tahu kondisi hewan ternak, dan pandai mencari relasi",,,,,,,,,,,,,,,,,,,,,,,,,,,,,,,,,,,,,,,,"Pengusaha perlu memahami pasar sehingga produk yang akan dibuat memungkinkan untuk banyak dibeli dengan kompetisi yang tidak terlalu sengit.  Dari kompetisi yang tidak sengit tersebut, pengusaha dapat memiliki potensi sebagai penyokong dan pelopor pengembangan produk di daerah tersebut"
28,Minuman Es Teh,,,,,,,,,,,,,,,,,,,,,,,,,,,,,,,,,,,,,,,,,Minuman Es Teh,1jt - 10 jt,Diluar ruangan,Pedesaan/Perkampungan,Sedang,2-4 orang,Masyarakat golongan bawah,< 10 Juta,"Kemampuan dalam memasarkan, berinovasi, dan mempertahankan kualitas produk",
29,Toko baju/online shop,,,,,,,,,,,,,,,,,,,,,,,,,,,,,,,,,,,,,,,,,jualan baju wanita,1jt - 10 jt,Didalam ruangan,Pedesaan/Perkampungan,Sedang,2-4 orang,Masyarakat golongan menengah,< 10 Juta,"Relasi, konsep yang jelas, dan promotion",
30,Perternakan,Sapi dan Kambing,1jt - 10 jt,"Dataran tinggi (pegunungan, bukit, lereng gunung)",1 orang (Anda sendiri),Sedang,Pasar tradisional,Sangat perlu,1-2 Hektar,10-50 Juta,"tau cara mencari rumput untuk pakan,mengerti cara merawat hewan ternak dan pasaran harga",,,,,,,,,,,,,,,,,,,,,,,,,,,,,,,,,,,,,,,,
31,Kuliner,,,,,,,,,,,makanan ringan,< 1jt,Pedesaan/Perkampungan,Pesan Antar,Sedang,2-4 orang,Masyarakat golongan bawah,Perlu,< 10 Juta,"Market , modal dan tempat ",,,,,,,,,,,,,,,,,,,,,,,,,,,,,,Penambahan modal usaha untuk mengembangkan jenis kuliner lain jya 
32,pebolahan air minum isi ulang,,,,,,,,,,,,,,,,,,,,,,,,,,,,,,,,,,,,,,,,,Pengolahan air minum isi ulang,10 - 25jt,Didalam ruangan,Pedesaan/Perkampungan,Sedang,1 orang (Anda sendiri),Masyarakat golongan menengah,< 10 Juta,"Promosi dan komunikasi, kualitas produk dan pelayanan, ketepatan waktu pengiriman     ","persaingan harga di pasaran jangan membuat kulaitas produk jadi turun, agar produk tetap bisa bersaing harus ada sesuatu yang sangat disukai pembeli, seperti keramahan saat melayani, kemasan dan kebersihan produk, serta ketepatan waktu pengiriman  "
33,CV,,,,,,,,,,,,,,,,,,,,,,,,,,,,,,,,,,,,,,,,,Konstruksi,> 25jt,Didalam ruangan,Perkotaan,Sedang,Diatas 10 orang,Masyarakat golongan bawah;Masyarakat golongan menengah;Masyarakat golongan atas,25-50 Juta,"1. Mencari pegawai yang dapat dipercaya
2. Modal tercukupi
3. Fasilitas ",
34,Alat kesehatan,,,,,,,,,,,,,,,,,,,,,,,,,,,,,,,,,,,,,,,,,Alat kesehatan,10 - 25jt,Didalam ruangan,Perkotaan,Tinggi,Diatas 10 orang,Masyarakat golongan menengah,25-50 Juta,"Ulet, sabar, komunikasi ",
35,Kuliner,,,,,,,,,,,Warkop x warteg,10 - 25jt,Perkotaan,Tempat Permanen,Sedang,2-4 orang,Masyarakat golongan bawah;Masyarakat golongan menengah;Masyarakat golongan atas,Perlu,< 10 Juta,"1. Cerdik
2. Pintar lihat keinginan pelanggan
3. Pantang nyerah",,,,,,,,,,,,,,,,,,,,,,,,,,,,,,"Usaha kuliner butuh promosi dan testimoni banyak orang biar nama restoran makin terkenal, namun juga di perlukan tempat yang mudah ditemukan orang "
36,Toserba/Toko Kelontong,,,,,,,,,,,,,,,,,,,,,,,,,,,,,,,Barang sembako,1jt - 10 jt,Perkotaan,Tidak(Menyewa),Sedang,1 orang (Anda sendiri),Masyarakat golongan bawah;Masyarakat golongan menengah;Masyarakat golongan atas,Warung,25-50 Juta,Harus dilakukan dengan niat ,,,,,,,,,,Iya
37,toko kelontong dan peternakan,,,,,,,,,,,,,,,,,,,,,,,,,,,,,,,,,,,,,,,,,toko kelontong dan peternakan,10 - 25jt,Didalam ruangan,Pedesaan/Perkampungan,Sedang,2-4 orang,Masyarakat golongan menengah,< 10 Juta,marketing dan ketelatenan,tid
38,Toko Buah,,,,,,,,,,,,,,,,,,,,,,,,,,,,,,,,,,,,,,,,,Toko Buah-buahan,1jt - 10 jt,Didalam ruangan,Pedesaan/Perkampungan,Tinggi,2-4 orang,Masyarakat golongan bawah;Masyarakat golongan menengah,< 10 Juta,"Mengatur keuangan (modal dan untung), cara memuaskan pembeli, cara promosi",
39,Pedagang,,,,,,,,,,,,,,,,,,,,,,,,,,,,,,,,,,,,,,,,,Pedagang,1jt - 10 jt,Diluar ruangan,Pedesaan/Perkampungan,Tinggi,2-4 orang,Masyarakat golongan bawah;Masyarakat golongan menengah,< 10 Juta,"Harus telaten,sabar dan paham pasar ",
40,Dropshipper,,,,,,,,,,,,,,,,,,,,,Buku,< 1jt,Rumah,100-200 ribu,Tinggi,1 orang (Anda sendiri),Masyarakat golongan bawah,"Shopee, Tokopedia",< 10 Juta,"Paham produk yang dijual, pangsa pasar, dan relasi dengan penerbit (supplier)",,,,,,,,,,,,,,,,,,,,
41,Elektronik,,,,,,,,,,,,,,,,,,,,,,,,,,,,,,,,,,,,,,,,,Toko Elektronik,10 - 25jt,Didalam ruangan,Perkotaan,Sedang,1 orang (Anda sendiri),Masyarakat golongan bawah;Masyarakat golongan menengah;Masyarakat golongan atas,< 10 Juta,"-memperbaiki perangkat Elektronik
-mengetahui harga pasar
-bisa melayani pelanggang",
42,Toko Komputer,,,,,,,,,,,,,,,,,,,,,,,,,,,,,,,,,,,,,,,,,Toko Komputer,> 25jt,Didalam ruangan,Perkotaan,Sedang,2-4 orang,Masyarakat golongan menengah;Masyarakat golongan atas,10-25 Juta,"-Bisa memperbaiki laptop
-tau mengenai hardware Komputer
-Mengetahui harga dan trend pasar",
43,Elektronik,,,,,,,,,,,,,,,,,,,,,,,,,,,,,,,,,,,,,,,,,Toko Handphone,> 25jt,Didalam ruangan,Perkotaan,Tinggi,2-4 orang,Masyarakat golongan menengah;Masyarakat golongan atas,10-25 Juta,"-Mengetahui aksesoris smartphone
-Paham spesifikasi Smartphone
-Bisa melayani pelanggan",
44,Toko Elektronik,,,,,,,,,,,,,,,,,,,,,,,,,,,,,,,,,,,,,,,,,Toko Elektronik,10 - 25jt,Didalam ruangan,Perkotaan,Sedang,2-4 orang,Masyarakat golongan bawah;Masyarakat golongan menengah;Masyarakat golongan atas,10-25 Juta,"-Tahu harga pasar
-Bisa memasang perangkat listrik
-paham hitungan harga tarikan PLN",
45,Elektronik,,,,,,,,,,,,,,,,,,,,,,,,,,,,,,,,,,,,,,,,,Service laptop/komputer,10 - 25jt,Didalam ruangan,Perkotaan,Rendah,1 orang (Anda sendiri),Masyarakat golongan menengah;Masyarakat golongan atas,< 10 Juta,"-paham hardware Komputer
-bisa memperbaiki Komputer/laptop
-bisa memasang/mengganti hardware baru",
46,Toserba/Toko Kelontong,,,,,,,,,,,,,,,,,,,,,,,,,,,,,,,sembako. jajan anak,1jt - 10 jt,Pedesaan/Perkampungan,Iya,Tinggi,1 orang (Anda sendiri),Masyarakat golongan bawah,Warung,< 10 Juta,perputaran modal. persaingan harga dengan toko lain. komplitnya barang dagang,,,,,,,,,,gada. 
47,Toserba/Toko Kelontong,,,,,,,,,,,,,,,,,,,,,,,,,,,,,,,Sembako dan keperluan sehari-hari lain,> 25jt,Perkotaan,Iya,Sedang,2-4 orang,Masyarakat golongan bawah;Masyarakat golongan menengah;Masyarakat golongan atas,Ruko,10-25 Juta,"- Pengelolaan barang
- Akuntansi
- Menguasai dasar komputer",,,,,,,,,,
48,Toserba/Toko Kelontong,,,,,,,,,,,,,,,,,,,,,,,,,,,,,,,"Kue, mie instan, minuman sachet",< 1jt,Pedesaan/Perkampungan,Iya,Rendah,1 orang (Anda sendiri),Masyarakat golongan bawah;Masyarakat golongan menengah,Warung,< 10 Juta,"- Mengetahui harga pasar
- Mengetahui minat pelanggan
- Bangun pagi",,,,,,,,,,
49,Toserba/Toko Kelontong,,,,,,,,,,,,,,,,,,,,,,,,,,,,,,,Sembako,1jt - 10 jt,Pedesaan/Perkampungan,Iya,Sedang,1 orang (Anda sendiri),Masyarakat golongan bawah;Masyarakat golongan menengah,Ruko,< 10 Juta,"- Mengelola barang
- Komunikasi dengan pelanggan
- Mencatat Penjualan",,,,,,,,,,
50,Toserba/Toko Kelontong,,,,,,,,,,,,,,,,,,,,,,,,,,,,,,,"Sembako, voucher, mainan.",> 25jt,Perkotaan,Tidak(Menyewa),Tinggi,2-4 orang,Masyarakat golongan bawah;Masyarakat golongan menengah;Masyarakat golongan atas,Ruko,25-50 Juta,"- Memilih pegawai yang tepat
- Memahami minat pasar
- Mengetahui suplier yang tepat",,,,,,,,,,
51,Toserba/Toko Kelontong,,,,,,,,,,,,,,,,,,,,,,,,,,,,,,,Makanan dan minuman ringan,1jt - 10 jt,Perkotaan,Iya,Sedang,1 orang (Anda sendiri),Masyarakat golongan bawah;Masyarakat golongan menengah,Warung,< 10 Juta,"- Interaksi dengan pelanggan
- Mengelola ketersediaan stok produk
- Mencatat penjualan",,,,,,,,,,
52,Toserba/Toko Kelontong,,,,,,,,,,,,,,,,,,,,,,,,,,,,,,,Kebutuhan rumah tangga,1jt - 10 jt,Pedesaan/Perkampungan,Tidak(Menyewa),Rendah,1 orang (Anda sendiri),Masyarakat golongan bawah;Masyarakat golongan menengah,Ruko,10-25 Juta,"- Mengenal pelanggan
- Mencatat Stok barang
- Menyesuaikan jualan dengan kehendak pelanggan",,,,,,,,,,
53,Toserba/Toko Kelontong,,,,,,,,,,,,,,,,,,,,,,,,,,,,,,,Makanan dan minuman kemasan,1jt - 10 jt,Pedesaan/Perkampungan,Iya,Rendah,1 orang (Anda sendiri),Masyarakat golongan bawah;Masyarakat golongan menengah,Warung,< 10 Juta,"- Mengetahui harga barang yg sesuai
- Mengetahui tempat Beli Stok barang yang lebih murah
- menata rak jualan",,,,,,,,,,
54,Toserba/Toko Kelontong,,,,,,,,,,,,,,,,,,,,,,,,,,,,,,,Sembako dan peralatan sehari-hari,10 - 25jt,Perkotaan,Tidak(Menyewa),Tinggi,2-4 orang,Masyarakat golongan bawah;Masyarakat golongan menengah;Masyarakat golongan atas,Ruko,< 10 Juta,"- Memilih lokasi yg tepat
- Mengenali target pasar
- Memasang harga yang tepat",,,,,,,,,,
55,Toserba/Toko Kelontong,,,,,,,,,,,,,,,,,,,,,,,,,,,,,,,Sembako dan perlengkapan rumah,> 25jt,Perkotaan,Iya,Tinggi,5-9 orang,Masyarakat golongan bawah;Masyarakat golongan menengah;Masyarakat golongan atas,Ruko,25-50 Juta,"- Menyesuaikan barang yang sesuai dengan kehendak pelanggan
- Komunikasi dengan pelanggan
- Kemampuan Komputer dasar",,,,,,,,,,
56,Toserba/Toko Kelontong,,,,,,,,,,,,,,,,,,,,,,,,,,,,,,,Kebutuhan rumah tangga,1jt - 10 jt,Pedesaan/Perkampungan,Iya,Rendah,1 orang (Anda sendiri),Masyarakat golongan bawah;Masyarakat golongan menengah,Ruko,< 10 Juta,"- Komunikasi dengan pelanggan
- Mengetahui supplier murah
- Menyesuaikan harga barang dengan pesaing",,,,,,,,,,
57,Toserba/Toko Kelontong,,,,,,,,,,,,,,,,,,,,,,,,,,,,,,,Barang pecah belah,> 25jt,Perkotaan,Tidak(Menyewa),Sedang,2-4 orang,Masyarakat golongan menengah;Masyarakat golongan atas,Ruko,25-50 Juta,"- Kenal target pasar
- mengelola barang
- memberi diskon dan promo",,,,,,,,,,
58,Toserba/Toko Kelontong,,,,,,,,,,,,,,,,,,,,,,,,,,,,,,,Sembako dan pakan hewan,1jt - 10 jt,Pedesaan/Perkampungan,Iya,Rendah,1 orang (Anda sendiri),Masyarakat golongan bawah;Masyarakat golongan menengah,Ruko,< 10 Juta,"- Mengenali keinginan penduduk
- mengantisipasi permintaan pelanggan
- menyimpan barang di tempat yang tepat",,,,,,,,,,
59,Toserba/Toko Kelontong,,,,,,,,,,,,,,,,,,,,,,,,,,,,,,,Barang pecah belah dan sembako,10 - 25jt,Perkotaan,Iya,Tinggi,1 orang (Anda sendiri),Masyarakat golongan bawah;Masyarakat golongan menengah,Ruko,< 10 Juta,"- Menata barang untuk menarik pelanggan
- Gencar promosi
- Menyesuaikan harga",,,,,,,,,,
60,Toserba/Toko Kelontong,,,,,,,,,,,,,,,,,,,,,,,,,,,,,,,"Sembako, buah, daging, dan sayur",1jt - 10 jt,Pedesaan/Perkampungan,Iya,Rendah,1 orang (Anda sendiri),Masyarakat golongan bawah;Masyarakat golongan menengah,Warung,< 10 Juta,"- Komunikasi dengan pembeli
- Membeli Stok barang di tempat yg tepat
- Manajemen keuangan",,,,,,,,,,
61,Toserba/Toko Kelontong,,,,,,,,,,,,,,,,,,,,,,,,,,,,,,,"Barang pecah belah, mainan, barang elektronik.",10 - 25jt,Perkotaan,Iya,Sedang,2-4 orang,Masyarakat golongan bawah;Masyarakat golongan menengah,Ruko,10-25 Juta,"- Memilih pegawai yg tepat
- Cara berkomunikasi dengan pelanggan
- Mencatat Stok barang dalam gudang",,,,,,,,,,
62,Toko hp,,,,,,,,,,,,,,,,,,,,,,,,,,,,,,,,,,,,,,,,,Toko handphone,> 25jt,Didalam ruangan,Perkotaan,Tinggi,2-4 orang,Masyarakat golongan menengah;Masyarakat golongan atas,25-50 Juta,"Ketelitian, Ketekunan dan Kesabaran",
63,Toko komputer,,,,,,,,,,,,,,,,,,,,,,,,,,,,,,,,,,,,,,,,,Toko komputer,> 25jt,Didalam ruangan,Perkotaan,Sedang,2-4 orang,Masyarakat golongan menengah;Masyarakat golongan atas,> 50 Juta,"Mengerti teknologi, tekun dan teliti",
64,Toko elektronik,,,,,,,,,,,,,,,,,,,,,,,,,,,,,,,,,,,,,,,,,Elektronik,10 - 25jt,Didalam ruangan,Perkotaan,Rendah,1 orang (Anda sendiri),Masyarakat golongan menengah;Masyarakat golongan atas,25-50 Juta,"Mengerti konsumen, sabar dan bisa bernegoisasi",
65,Toko handphone,,,,,,,,,,,,,,,,,,,,,,,,,,,,,,,,,,,,,,,,,Toko handphone,10 - 25jt,Didalam ruangan,Perkotaan,Sedang,5-9 orang,Masyarakat golongan menengah;Masyarakat golongan atas,> 50 Juta,"Tekun, teliti dan update terkait hp terbaru",
66,Toko laptop dan komputer,,,,,,,,,,,,,,,,,,,,,,,,,,,,,,,,,,,,,,,,,Toko komputer,> 25jt,Didalam ruangan,Perkotaan,Sedang,2-4 orang,Masyarakat golongan menengah;Masyarakat golongan atas,> 50 Juta,"Mengerti konsumen, sabar dan teliti",
67,Dropshipper,,,,,,,,,,,,,,,,,,,,,Sepatu,< 1jt,Rumah,100-200 ribu,Sedang,5-9 orang,Masyarakat golongan bawah;Masyarakat golongan menengah;Masyarakat golongan atas,Instagram,> 50 Juta,"Supplier berkualitas, sistem pembayaran terpercaya, memilih produk dengan pasar yang baik",,,,,,,,,,,,,,,,,,,,Tidak ada
68,Kuliner,,,,,,,,,,,Coffee Shop,10 - 25jt,Perkotaan,Tempat Permanen,Tinggi,Diatas 10 orang,Masyarakat golongan bawah;Masyarakat golongan menengah;Masyarakat golongan atas,Perlu,> 50 Juta,"Pelayanan, Lokasi, Tren",,,,,,,,,,,,,,,,,,,,,,,,,,,,,,
69,Kuliner,,,,,,,,,,,Salad Buah,1jt - 10 jt,Perkotaan,Pesan Antar,Rendah,2-4 orang,Masyarakat golongan menengah;Masyarakat golongan atas,Perlu,10-25 Juta,"relasi, rasa, kualitas bahan",,,,,,,,,,,,,,,,,,,,,,,,,,,,,,
70,Dropshipper,,,,,,,,,,,,,,,,,,,,,Sepatu,1jt - 10 jt,Toko,200-300 ribu,Tinggi,2-4 orang,Masyarakat golongan menengah;Masyarakat golongan atas,Instagram,> 50 Juta,"Marketing, pengetahuan seputar barang, relasi dengan sesama dropshipper",,,,,,,,,,,,,,,,,,,,
71,Perternakan,Lele,10 - 25jt,"Dataran rendah (rawa, sawah)",1 orang (Anda sendiri),Sedang,Pasar tradisional,Perlu,<1 Hektar,10-50 Juta,"1. Fase perkembangan ikan
2. Penyimpanan pakan ikan
3. Pengelolaan keuangan untuk pakan ikan",,,,,,,,,,,,,,,,,,,,,,,,,,,,,,,,,,,,,,,,
72,Perternakan,Sapi,10 - 25jt,"Dataran tinggi (pegunungan, bukit, lereng gunung)",1 orang (Anda sendiri),Sedang,Pasar tradisional,Sangat perlu,<1 Hektar,10-50 Juta,"1. Lokasi mencari rumput
2. Jadwal makan sapi
3. Pengaturan kandang sapi agar kotorannya tidak menumpuk di kandang",,,,,,,,,,,,,,,,,,,,,,,,,,,,,,,,,,,,,,,,"Saya hanya memiliki beberapa ternak sapi, jadi tidak memerlukan lahan yang luas. Namun, Saya perlu mencari rumput setiap hari dan menggembalakannya di berbagai tempat. "
73,Pakaian anak,,,,,,,,,,,,,,,,,,,,,,,,,,,,,,,,,,,,,,,,,Pakaian anak,10 - 25jt,Didalam ruangan,Pedesaan/Perkampungan,Rendah,1 orang (Anda sendiri),Masyarakat golongan bawah;Masyarakat golongan menengah,25-50 Juta,"Mengerti jenis pakaian, Tekun, sabar",
74,Busana,,,,,,,,,,,,,,,,,,,,,,,,,,,,,,,,,,,,,,,,,Butik,> 25jt,Didalam ruangan,Perkotaan,Sedang,2-4 orang,Masyarakat golongan menengah;Masyarakat golongan atas,> 50 Juta,"Mengerti selera konsumen, Sabar , Tekun",
75,Perternakan,Ikan hias air tawar,< 1jt,Rumah,1 orang (Anda sendiri),Tinggi,Toko online,Sangat perlu,<1 Hektar,< 10 Juta,"1. Memilih ikan hias yang tepat untuk konsumen menengah kebawah agar modal murah
2. Mempunyai pengetahuan tentang pengembangbiakan ikan
3. Pada saat baru memulai, fokus pada satu ikan hias terlebih dahulu, lalu bertambah seiring berjalannya waktu",,,,,,,,,,,,,,,,,,,,,,,,,,,,,,,,,,,,,,,,"Saya beternak ikan hias air tawar di rumah saya. Saya menjualnya di sosial media saya seperti facebook, instagram, dll. Terkadang Saya membeli bibit ikan hias, tapi terkadang Saya mencarinya sendiri di rawa-rawa."
76,Pakaian Muslim,,,,,,,,,,,,,,,,,,,,,,,,,,,,,,,,,,,,,,,,,Pakaian Muslim,10 - 25jt,Didalam ruangan,Perkotaan,Rendah,1 orang (Anda sendiri),Masyarakat golongan bawah;Masyarakat golongan menengah;Masyarakat golongan atas,25-50 Juta,"Tekun, sabar, teliti",
77,Pakaian,,,,,,,,,,,,,,,,,,,,,,,,,,,,,,,,,,,,,,,,,Pakaian,10 - 25jt,Didalam ruangan,Pedesaan/Perkampungan,Rendah,1 orang (Anda sendiri),Masyarakat golongan bawah;Masyarakat golongan menengah,25-50 Juta,"Tekun, sabar, teliti",
78,Pakaian,,,,,,,,,,,,,,,,,,,,,,,,,,,,,,,,,,,,,,,,,Pakaian,> 25jt,Didalam ruangan,Perkotaan,Rendah,5-9 orang,Masyarakat golongan bawah;Masyarakat golongan menengah,> 50 Juta,"Pembukuan, Manajemen, Kesabaran",
79,Alat Kecantikan,,,,,,,,,,,,,,,,,,,,,,,,,,,,,,,,,,,,,,,,,Alat Kecantikan,> 25jt,Didalam ruangan,Perkotaan,Sedang,1 orang (Anda sendiri),Masyarakat golongan bawah;Masyarakat golongan menengah;Masyarakat golongan atas,25-50 Juta,"Sabar, Manajemen, Teliti",
80,Kosmetik,,,,,,,,,,,,,,,,,,,,,,,,,,,,,,,,,,,,,,,,,Kosmetik,> 25jt,Didalam ruangan,Perkotaan,Sedang,2-4 orang,Masyarakat golongan menengah;Masyarakat golongan atas,25-50 Juta,"Sabar, Tekun, Teliti",
81,Perternakan,Ayam,10 - 25jt,"Dataran tinggi (pegunungan, bukit, lereng gunung)",2-4 orang,Sedang,Perusahaan (menyetor ke perusahaan pangan),Sangat perlu,<1 Hektar,< 10 Juta,"1. Mencari suplier berkualitas
2. Menentukan lokasi dan membuat kandang
3. Memperhatikan makanan dan kesehatan",,,,,,,,,,,,,,,,,,,,,,,,,,,,,,,,,,,,,,,,"Saya beternak Ayam untuk suatu perusahaan pangan di daerah Saya dengan keuntungan bergantung pada kebijakan dan harga ayam musiman. Terkadang, bisa jadi untung Saya lebih dari 10 juta sekali panen. Tapi bisa juga kurang atau bahkan rugi jika harga ayam sedang jatuh, sedangkan ayam tersebut sudah harus dijual."
82,Kosmetik,,,,,,,,,,,,,,,,,,,,,,,,,,,,,,,,,,,,,,,,,Kosmetik,> 25jt,Didalam ruangan,Perkotaan,Sedang,5-9 orang,Masyarakat golongan menengah;Masyarakat golongan atas,> 50 Juta,"Pembukuan, Manajemen, Mengerti Pasar",
83,Kosmetik,,,,,,,,,,,,,,,,,,,,,,,,,,,,,,,,,,,,,,,,,Kosmetik,10 - 25jt,Didalam ruangan,Perkotaan,Sedang,1 orang (Anda sendiri),Masyarakat golongan menengah,25-50 Juta,"Tekun, Teliti, Sabar",
84,Kosmetik,,,,,,,,,,,,,,,,,,,,,,,,,,,,,,,,,,,,,,,,,Kosmetik,> 25jt,Didalam ruangan,Perkotaan,Sedang,Diatas 10 orang,Masyarakat golongan menengah;Masyarakat golongan atas,> 50 Juta,"manajemen, Pemasaran, kesabaran",
85,Pulsa,,,,,,,,,,,,,,,,,,,,,,,,,,,,,,,,,,,,,,,,,Pulsa,< 1jt,Didalam ruangan,Pedesaan/Perkampungan,Rendah,1 orang (Anda sendiri),Masyarakat golongan bawah;Masyarakat golongan menengah,< 10 Juta,"Sabar, Ketelitian, Pembukuan",
86,Google Play Card,,,,,,,,,,,,,,,,,,,,,,,,,,,,,,,,,,,,,,,,,Google Play Card,1jt - 10 jt,Didalam ruangan,Perkotaan,Rendah,1 orang (Anda sendiri),Masyarakat golongan menengah;Masyarakat golongan atas,< 10 Juta,"teliti, rajin, sabar",
87,Perternakan,Kambing,10 - 25jt,"Dataran tinggi (pegunungan, bukit, lereng gunung)",1 orang (Anda sendiri),Sedang,Pasar tradisional,Sangat perlu,<1 Hektar,< 10 Juta,"1. Pemilihan bibit ternak kambing
2. Persiapan lahan kambing
3. Kebersihan dan kesehatan kambing",,,,,,,,,,,,,,,,,,,,,,,,,,,,,,,,,,,,,,,,"Saya mulai beternak kambing dengan membeli 2 ekor kambing jantan dan 3 ekor kambing betina. Modal awalnya memang dibawah 10 juta-an, namun kambing memerlukan pakan sampai umurnya cukup untuk dijual kembali sehingga modal pakan kambing akan terus bertambah setiap bulannya."
88,Pulsa,,,,,,,,,,,,,,,,,,,,,,,,,,,,,,,,,,,,,,,,,Konter hp,1jt - 10 jt,Didalam ruangan,Perkotaan,Sedang,2-4 orang,Masyarakat golongan bawah;Masyarakat golongan menengah,25-50 Juta,"Pembukuan, Manajemen, pemasaran",
89,Pulsa,,,,,,,,,,,,,,,,,,,,,,,,,,,,,,,,,,,,,,,,,Pulsa,< 1jt,Didalam ruangan,Pedesaan/Perkampungan,Rendah,1 orang (Anda sendiri),Masyarakat golongan bawah;Masyarakat golongan menengah,< 10 Juta,"Sabar, Teliti, tekun",
90,Pulsa,,,,,,,,,,,,,,,,,,,,,,,,,,,,,,,,,,,,,,,,,Konter Hp,1jt - 10 jt,Didalam ruangan,Perkotaan,Sedang,2-4 orang,Masyarakat golongan bawah;Masyarakat golongan menengah;Masyarakat golongan atas,10-25 Juta,"Pembukuan, Pemasaran, Kesabaran",
91,Perternakan,Belut,1jt - 10 jt,"Dataran rendah (rawa, sawah)",1 orang (Anda sendiri),Sedang,Pasar tradisional,Kurang perlu,<1 Hektar,< 10 Juta,"1. Lokasi pembuatan kolam belut akan menyesuaikan dengan jumlah pangan, jika berlumpur maka pakan akan lebih sedikit.
2. Waktu pemberian pakan belut harus diperhatikan
3. Pemilihan bibit belut harus sesuai, seperti ukuranya harus seragam agar tidak saling memangsa satu sama lain.",,,,,,,,,,,,,,,,,,,,,,,,,,,,,,,,,,,,,,,,"Beternak belut tidak terlalu memperhatikan lokasi, namun harus memperhatikan kondisi kolam yang ditinggali oleh belut. Habitat asli belut adalah di tempat berlumpur, jadi alangkah baiknya jika kolamnya berlumpur. Namun, belut juga dapat hidup di kolam yang jernih tapi harus memberikan pakan lebih intens daripada di kolam berlumpur."
92,Perternakan,Lobster,1jt - 10 jt,"Dataran tinggi (pegunungan, bukit, lereng gunung)",1 orang (Anda sendiri),Sedang,Restoran,Perlu,<1 Hektar,< 10 Juta,"1. Proses adaptasi bibit lobster
2. Kondisi kolam saat proses pemindahan lobster berpengaruh pada tingkat kehidupan lobster
3. Pemilihan mitra untuk membimbing bagaimana cara merawat lobster",,,,,,,,,,,,,,,,,,,,,,,,,,,,,,,,,,,,,,,,"Usaha lobster pertama kali saya lakukan itu dibantu oleh mitra saya. Mereka membimbing Saya dari awal sampai akhir, jadi saya sarankan untuk pemula agar minta di bimbing oleh tenaga ahli sampai anda merasa sudah cukup ilmu untuk mengembangkannya secara mandiri. "
93,Penjualan akun,,,,,,,,,,,,,,,,,,,,,,,,,,,,,,,,,,,,,,,,,Penjualan akun,< 1jt,Didalam ruangan,Perkotaan,Tinggi,1 orang (Anda sendiri),Masyarakat golongan bawah;Masyarakat golongan menengah;Masyarakat golongan atas,< 10 Juta,"Kreatif, kerja keras, tidak mudah putus asa",Tidak ada
94,Kuliner,,,,,,,,,,,Pecel Lele,1jt - 10 jt,Perkotaan,Tempat Permanen,Sedang,2-4 orang,Masyarakat golongan bawah;Masyarakat golongan menengah;Masyarakat golongan atas,Perlu,< 10 Juta,Bisa memasak,,,,,,,,,,,,,,,,,,,,,,,,,,,,,,nope
95,Kuliner,,,,,,,,,,,ayam tepung,10 - 25jt,Perkotaan,Tempat Permanen,Sedang,2-4 orang,Masyarakat golongan menengah;Masyarakat golongan atas,Perlu,10-25 Juta,Harus pintar menentukan bumbu tepung yang tepat,,,,,,,,,,,,,,,,,,,,,,,,,,,,,,tidak
96,Kuliner,,,,,,,,,,,gado gado,< 1jt,Pedesaan/Perkampungan,Tempat Permanen,Sedang,1 orang (Anda sendiri),Masyarakat golongan bawah;Masyarakat golongan menengah,Perlu,< 10 Juta,Harus bisa masak dan mencari bumbu,,,,,,,,,,,,,,,,,,,,,,,,,,,,,,Tidak Ada
97,Kuliner,,,,,,,,,,,jualan ketoprak,< 1jt,Perkotaan,Keliling,Sedang,1 orang (Anda sendiri),Masyarakat golongan bawah;Masyarakat golongan menengah;Masyarakat golongan atas,Perlu,< 10 Juta,"bisa memasak, bisa berjualan, dan tenaga yang besar",,,,,,,,,,,,,,,,,,,,,,,,,,,,,,tidak ada
98,Kuliner,,,,,,,,,,,jualan soto ayam,1jt - 10 jt,Perkotaan,Tempat Permanen,Sedang,2-4 orang,Masyarakat golongan bawah;Masyarakat golongan menengah;Masyarakat golongan atas,Perlu,10-25 Juta,"Bisa memasak, Bisa memanage karyawan, bisa berjualan",,,,,,,,,,,,,,,,,,,,,,,,,,,,,,Tidak ada
99,Kuliner,,,,,,,,,,,Jualan Siomay,1jt - 10 jt,Perkotaan,Keliling,Sedang,1 orang (Anda sendiri),Masyarakat golongan bawah;Masyarakat golongan menengah;Masyarakat golongan atas,Perlu,< 10 Juta,"Bisa berjulan, Bisa memasak, Punya tenaga besar",,,,,,,,,,,,,,,,,,,,,,,,,,,,,,Tidak Ada
100,Kuliner,,,,,,,,,,,soto bogor,1jt - 10 jt,Perkotaan,Tempat Permanen,Sedang,2-4 orang,Masyarakat golongan bawah;Masyarakat golongan menengah;Masyarakat golongan atas,Perlu,< 10 Juta,"Bisa memanage tim, Bisa memasak, Bisa berjualan",,,,,,,,,,,,,,,,,,,,,,,,,,,,,,Tidak ada
101,Kuliner,,,,,,,,,,,Nasi Padang,10 - 25jt,Perkotaan,Tempat Permanen,Tinggi,2-4 orang,Masyarakat golongan bawah;Masyarakat golongan menengah;Masyarakat golongan atas,Perlu,< 10 Juta,"Bisa memasak, Bisa menentukan taktik yang tepat, Bisa mengatur tim",,,,,,,,,,,,,,,,,,,,,,,,,,,,,,Tidak
102,Kuliner,,,,,,,,,,,Dimsum,< 1jt,Pedesaan/Perkampungan,Tempat Permanen,Sedang,1 orang (Anda sendiri),Masyarakat golongan bawah;Masyarakat golongan menengah;Masyarakat golongan atas,Tidak perlu,< 10 Juta,"Pinter jualan, Bisa menggunakan kompor, Punya keingin besar",,,,,,,,,,,,,,,,,,,,,,,,,,,,,,Tidak ada
103,Perternakan,Ikan Hias,1jt - 10 jt,"Dataran rendah (rawa, sawah)",1 orang (Anda sendiri),Rendah,Masyarakat Setempat,Perlu,<1 Hektar,< 10 Juta,"Mengetahui Kondisi hewan, mengetahui kapan harus membersihkan kolam, mengetahui kapan ikan akan bertelur - menetas",,,,,,,,,,,,,,,,,,,,,,,,,,,,,,,,,,,,,,,,
104,Perternakan,Ternak Lobster,1jt - 10 jt,"Dataran rendah (rawa, sawah)",1 orang (Anda sendiri),Sedang,Pasar tradisional,Sangat perlu,2-5 Hektar,< 10 Juta,"Mengetahui Kondisi hewan ternak, mengetahui makanan hewan ternak, mengetahui cara memisahkan lobster ketika sedang ganti cangkang",,,,,,,,,,,,,,,,,,,,,,,,,,,,,,,,,,,,,,,,
105,Kuliner,,,,,,,,,,,Nasi Uduk,1jt - 10 jt,Perkotaan,Tempat Permanen,Sedang,1 orang (Anda sendiri),Masyarakat golongan bawah;Masyarakat golongan menengah;Masyarakat golongan atas,Perlu,< 10 Juta,"Bisa memasak, Jago Belanja, Semangat untuk berjualan",,,,,,,,,,,,,,,,,,,,,,,,,,,,,,Tidak Ada
106,Kuliner,,,,,,,,,,,Jualan Bubur Ayam,1jt - 10 jt,Perkotaan,Keliling,Sedang,1 orang (Anda sendiri),Masyarakat golongan bawah;Masyarakat golongan menengah;Masyarakat golongan atas,Perlu,< 10 Juta,"Badan yang kuat, Bisa memasak, Keinginan ingin sukses",,,,,,,,,,,,,,,,,,,,,,,,,,,,,,Tidak Ada
107,Perternakan,Babi,1jt - 10 jt,"Dataran rendah (rawa, sawah)",1 orang (Anda sendiri),Rendah,Pasar tradisional,Sangat perlu,<1 Hektar,< 10 Juta,"1. Lokasi peternakan
2. Kesehatan Babi, karena babi rentan penyakit
3. Kebersihan peternakan",,,,,,,,,,,,,,,,,,,,,,,,,,,,,,,,,,,,,,,,"Perhatikan lingkungan sekitar peternakan Babi, apakah akan mengganggu kenyamanan orang sekitar atau tidak."
108,Toserba/Toko Kelontong,,,,,,,,,,,,,,,,,,,,,,,,,,,,,,,"Telur, Gas, Mie instant, rokok, minuman kemasan",1jt - 10 jt,Pedesaan/Perkampungan,Iya,Tinggi,2-4 orang,Masyarakat golongan bawah;Masyarakat golongan menengah;Masyarakat golongan atas,Ruko,< 10 Juta,"Mengatur uang modal, rugi dan untung, menghafal mengingat dagangan,  mengingat harga setiap barang dagangan",,,,,,,,,,
109,Toserba/Toko Kelontong,,,,,,,,,,,,,,,,,,,,,,,,,,,,,,,Sayuran,1jt - 10 jt,Pedesaan/Perkampungan,Iya,Sedang,1 orang (Anda sendiri),Masyarakat golongan bawah;Masyarakat golongan menengah,Warung,< 10 Juta,"Mengetahui kondisi sayuran, mengatur uang modal, cara melayani pembeli",,,,,,,,,,
110,Kuliner,,,,,,,,,,,Kue Ulang Tahun,< 1jt,Perkotaan,Pesan Antar,Sedang,2-4 orang,Masyarakat golongan menengah;Masyarakat golongan atas,Perlu,< 10 Juta,"Bisa memasak, Bisa mendesain kue, Semangat untuk bekerja",,,,,,,,,,,,,,,,,,,,,,,,,,,,,,Tidak Ada
111,Toserba/Toko Kelontong,,,,,,,,,,,,,,,,,,,,,,,,,,,,,,,"Beras, mie instan, telur, minyak goreng",1jt - 10 jt,Pedesaan/Perkampungan,Iya,Tinggi,2-4 orang,Masyarakat golongan bawah;Masyarakat golongan menengah,Ruko,< 10 Juta,"Mengatur uang modal, rugi dan untung, menghafal mengingat dagangan,  mengingat harga setiap barang dagangan",,,,,,,,,,
112,Kuliner,,,,,,,,,,,kue subuh,< 1jt,Perkotaan,Keliling,Sedang,1 orang (Anda sendiri),Masyarakat golongan bawah;Masyarakat golongan menengah;Masyarakat golongan atas,Perlu,< 10 Juta,"Bisa memasak kue, Memiliki tenaga untuk keliling, Semangat untuk berusaha",,,,,,,,,,,,,,,,,,,,,,,,,,,,,,Tidak Ada
113,Perternakan,Ayam petelur,1jt - 10 jt,"Dataran tinggi (pegunungan, bukit, lereng gunung)",2-4 orang,Sedang,Pasar tradisional,Sangat perlu,<1 Hektar,10-50 Juta,"1. Mengenali jenis-jenis ayam petelur
2. Lokasi dan kondisi kandang
3. Pakan dan minum ayam petelur harus terjaga agar ayam senantiasa sehat",,,,,,,,,,,,,,,,,,,,,,,,,,,,,,,,,,,,,,,,"Ayam petelur berbeda dengan Ayam potong atau ayam daging, sehingga perawatannya akan sedikit berbeda karena harus menyiapkan tempat ayam untuk bertelur. Namun untuk aspek yang lain, masih mirip seperti ayam daging."
114,Kuliner,,,,,,,,,,,Seblak,1jt - 10 jt,Pedesaan/Perkampungan,Tempat Permanen,Sedang,1 orang (Anda sendiri),Masyarakat golongan bawah;Masyarakat golongan menengah,Perlu,< 10 Juta,"Kemampuan memasak, mempertahankan rasa, mengetahui keinginan pembeli",,,,,,,,,,,,,,,,,,,,,,,,,,,,,,
115,Penggilingan,,,,,,,,,,,,,,,,,,,,,,,,,,,,,,,,,,,,,,,,,Penggilingan beras dan tepung,10 - 25jt,Didalam ruangan,Pedesaan/Perkampungan,Rendah,2-4 orang,Masyarakat golongan bawah;Masyarakat golongan menengah,< 10 Juta,"Cara menggiling, cara membetulkan mesin ketika rusak, mengetahui komponen mesin giling",
116,Kuliner,,,,,,,,,,,Gorengan,1jt - 10 jt,Perkotaan,Tempat Permanen,Tinggi,1 orang (Anda sendiri),Masyarakat golongan bawah;Masyarakat golongan menengah;Masyarakat golongan atas,Perlu,< 10 Juta,"Bisa menggunakan alat masak, Bisa menemukan resep tepung, Memiliki semangat untuk berdagang",,,,,,,,,,,,,,,,,,,,,,,,,,,,,,Tidak ada
117,Perternakan,Ikan hias,< 1jt,"Dataran tinggi (pegunungan, bukit, lereng gunung)",1 orang (Anda sendiri),Sedang,Toko online,Perlu,<1 Hektar,< 10 Juta,"1. Untuk membudidayakan ikan hias diperlukan kesabaran
2. Mencari ikan hias di alam liar
3. Menjaga kebersihan kolam ikan hias secara rutin",,,,,,,,,,,,,,,,,,,,,,,,,,,,,,,,,,,,,,,,"Pasar ikan hias memang terbatas, tapi budidaya ikan hias termasuk mudah dan murah. Karena ada beberapa ikan hias yang didapatkan secara gratis di alam liar."
118,Toserba/Toko Kelontong,,,,,,,,,,,,,,,,,,,,,,,,,,,,,,,"Rokok, es krim, minuman kemasan, kopi sachet, telur, minyak, terigu, dan lain- lain",< 1jt,Pedesaan/Perkampungan,Iya,Tinggi,2-4 orang,Masyarakat golongan bawah;Masyarakat golongan menengah;Masyarakat golongan atas,Ruko,< 10 Juta,"Mengatur uang modal, rugi dan untung, menghafal mengingat dagangan,  mengingat harga setiap barang dagangan",,,,,,,,,,
119,Fotocopy,,,,,,,,,,,,,,,,,,,,,,,,,,,,,,,,,,,,,,,,,"Fotocopy, print dan jual alat tulis",1jt - 10 jt,Didalam ruangan,Pedesaan/Perkampungan,Tinggi,2-4 orang,Masyarakat golongan bawah;Masyarakat golongan menengah;Masyarakat golongan atas,< 10 Juta,"Cara memainkan komputer, cara menggunakan word, cara menggunakan mesin fotocopy",
120,Toserba/Toko Kelontong,,,,,,,,,,,,,,,,,,,,,,,,,,,,,,,Sayuran,1jt - 10 jt,Pedesaan/Perkampungan,Iya,Tinggi,1 orang (Anda sendiri),Masyarakat golongan bawah;Masyarakat golongan menengah;Masyarakat golongan atas,Warung,< 10 Juta,"Mengetahui kondisi sayuran, mengatur uang modal, cara melayani pembeli",,,,,,,,,,
121,Perternakan,Ikan Toman,1jt - 10 jt,"Dataran rendah (rawa, sawah)",1 orang (Anda sendiri),Rendah,Pasar tradisional,Kurang perlu,<1 Hektar,< 10 Juta,"1. Ikan toman adalah ikan predator, sehingga tidak cocok untuk dikembangbiakkan bersama ikan lain apalagi ikan kecil.
2. Pemilihan bibit berkualitas sangat dibutuhkan, karena pengembangbiakan mandiri akan memakan waktu yang cukup lama
3. Pemilihan lokasi kolam ikan toman akan berpengaruh pada lingkungan, sehingga perlu perhatian lebih di bagian itu. Jika lokasi kolam dalam bentuk keramba (kurungan ikan di sungai), maka akan mencemari air yang ada di sana dan itu akan mengganggu orang yang menggunakan air tersebut untuk konsumsi. Jika kolam berbentuk terpal, ikan toman akan lebih lambat dan itu akan mengurangi keuntungan.",,,,,,,,,,,,,,,,,,,,,,,,,,,,,,,,,,,,,,,,"Perhatikan dampak lingkungan dari budidaya ikan, apalagi jika menggunakan keramba. Karena air yang berada di sekitar keramba kurang baik untuk di konsumsi. Sedangkan masyarakat yang berada di sekitar sungai kecenderungan menggunakan air tersebut untuk konsumsi dan lain-lain."
122,Kuliner,,,,,,,,,,,Nasi kebuli,< 1jt,Perkotaan,Tempat Permanen,Sedang,1 orang (Anda sendiri),Masyarakat golongan menengah;Masyarakat golongan atas,Perlu,< 10 Juta,"Bisa memasak, Bisa menjual produk, Memiliki keinginan berusaha yang kuat",,,,,,,,,,,,,,,,,,,,,,,,,,,,,,Tidak ada
123,Perternakan,Jangkrik,< 1jt,Rumah,1 orang (Anda sendiri),Rendah,Pasar tradisional,Kurang perlu,<1 Hektar,< 10 Juta,"1. Pemilihan telur jangkrik
2. Lokasi kandang jangkrik harus terhindar dari hama lain seperti kecoak, tikus, semut, dan laba-laba.
3. Kandang jangkrik harus terawat, lembab, bersih, dan higenis.",,,,,,,,,,,,,,,,,,,,,,,,,,,,,,,,,,,,,,,,Usaha jangkirk memang terkesan aneh dan absurd. Tapi usaha ini cukup menjanjikan terutama untuk usaha sampingan dari budidaya burung.
124,Perternakan,Burung hias,1jt - 10 jt,"Dataran tinggi (pegunungan, bukit, lereng gunung)",1 orang (Anda sendiri),Sedang,Pecinta burung,Sangat perlu,<1 Hektar,< 10 Juta,"1. Burung merupakan hewan yang sensitif, jadi perlu perhatian lebih jika ingin merawatnya
2. Burung juga bisa stress
3. Kebersihan kandang burung menentukan kesehatan burung",,,,,,,,,,,,,,,,,,,,,,,,,,,,,,,,,,,,,,,,
125,Perternakan,Ikan Bawal,1jt - 10 jt,"Dataran rendah (rawa, sawah)",1 orang (Anda sendiri),Sedang,Pasar tradisional,Sangat perlu,<1 Hektar,< 10 Juta,"1. Pemilihan bibit Ikan
2. Perawatan kesehatan Ikan
3. Memperhatikan kualitas pakan ikan bawal",,,,,,,,,,,,,,,,,,,,,,,,,,,,,,,,,,,,,,,,
126,Perternakan,Bebek,1jt - 10 jt,"Dataran rendah (rawa, sawah)",1 orang (Anda sendiri),Sedang,Pasar tradisional,Perlu,<1 Hektar,10-50 Juta,"1. Pemilihan bibit bebek
2. Pemberian pakan bebek
3. Lokasi dan kondisi kandang bebek",,,,,,,,,,,,,,,,,,,,,,,,,,,,,,,,,,,,,,,,
127,Perternakan,Bebek,10 - 25jt,"Dataran rendah (rawa, sawah)",2-4 orang,Sedang,Perusahaan (menyetor ke perusahaan pangan),Perlu,<1 Hektar,10-50 Juta,"1. Perancangan kandang bebek seperti lokasi dan kondisi sekitar kandang
2. Pemilihan bibit bebek
3. Pemeliharaan kesehatan bebek",,,,,,,,,,,,,,,,,,,,,,,,,,,,,,,,,,,,,,,,
128,Perternakan,Ayam,10 - 25jt,"Dataran tinggi (pegunungan, bukit, lereng gunung)",2-4 orang,Sedang,Perusahaan (menyetor ke perusahaan pangan),Perlu,<1 Hektar,10-50 Juta,"1. Pemilihan bibit ayam
2. Pemilihan lokasi kandang ayam
3. Pencarian mitra kerjasama",,,,,,,,,,,,,,,,,,,,,,,,,,,,,,,,,,,,,,,,Saya memiliki karyawan untuk mengurus ayam-ayam saya
129,Perternakan,Kerbau rawa,10 - 25jt,"Dataran rendah (rawa, sawah)",2-4 orang,Sedang,Pasar tradisional,Sangat perlu,<1 Hektar,10-50 Juta,"1. Pemilihan lokasi untuk pembuatan kandang
2. Kemampuan berenang
3. Kemampuan menggembala kerbau di rawa",,,,,,,,,,,,,,,,,,,,,,,,,,,,,,,,,,,,,,,,
130,Perternakan,Ayam kampung,1jt - 10 jt,"Dataran tinggi (pegunungan, bukit, lereng gunung)",1 orang (Anda sendiri),Sedang,Pasar tradisional,Sangat perlu,<1 Hektar,< 10 Juta,"1. Ayam kampung memang lebih mudah tumbuh jika dilepas bebas daripada dibiarkan terus di dalam kandang.
2. Ayam kampung jantan yang jago bertarung akan dihargai mahal, sehingga perlu dilatih agar jago bertarung.
3. Meskipun ayam kampung lebih mudah tumbuh di alam liar, mereka tetap perlu kandang untuk melindungi diri dari predator pada malam hari.",,,,,,,,,,,,,,,,,,,,,,,,,,,,,,,,,,,,,,,,"Ayam kampung harus dikembangbiakan secara alami. Tidak seperti ayam yang sudah dimutasi secara genetika, ayam kampung memiliki populasi yang lebih sedikit."
131,Perternakan,Sapi,10 - 25jt,"Dataran tinggi (pegunungan, bukit, lereng gunung)",1 orang (Anda sendiri),Sedang,Pasar tradisional,Sangat perlu,<1 Hektar,< 10 Juta,"1. Perilaku ternak seperti sapi mempengaruhi kesehatan mereka
2. Kebersihan kandang berpengaruh pada kesehatan sapi
3. Kemampuan mencari rumput, jika tidak bisa maka harus membeli dari orang lain dan itu akan mengeluarkan biaya.",,,,,,,,,,,,,,,,,,,,,,,,,,,,,,,,,,,,,,,,
132,Perternakan,Burung Puyuh,1jt - 10 jt,"Dataran tinggi (pegunungan, bukit, lereng gunung)",1 orang (Anda sendiri),Sedang,Pasar tradisional,Perlu,<1 Hektar,< 10 Juta,"1. Pemilihan induk petelur yang bagus
2. Pemilihan pakan burung yang berkualitas
3. Kesehatan burung puyuh mempengaruhi produksi telur mereka",,,,,,,,,,,,,,,,,,,,,,,,,,,,,,,,,,,,,,,,"Saya peternak burung puyuh yang memanfaatkan telurnya untuk dijual. Terdapat usia produktif induk puyuh, sehingga harus memperhatikan kapan induk puyuh harus diganti."
